{
    "rmse": 0.013837029580077423,
    "mae": 0.011242125214957923,
    "max": 0.046320580307110504,
    "lp4": 0.00029359305543968884,
    "rrmse": 0.06745222141448386
}