{
    "rmse": 0.01383702958007901,
    "mae": 0.011242125214961561,
    "max": 0.046320580307110504,
    "lp4": 0.0002935930554396909,
    "rrmse": 0.0674522214144916
}