{
    "rmse": 0.07039366374405535,
    "mae": 0.05435766227467684,
    "max": 0.23968925825647602,
    "lp4": 0.001518789890950317,
    "rrmse": 0.3431523337839232
}