{
    "rmse": 0.011302452294329532,
    "mae": 0.00783907152485106,
    "max": 0.13425119265693386,
    "lp4": 2.6247479149177876e-05,
    "rrmse": 0.021044245922619585
}