{
    "rmse": 0.011302452294329529,
    "mae": 0.007839071524851056,
    "max": 0.13425119265693342,
    "lp4": 2.6247479149177852e-05,
    "rrmse": 0.021044245922619578
}