{
    "rmse": 0.2166849643939525,
    "mae": 0.16563709210143565,
    "max": 1.3308658904833228,
    "lp4": 0.0003829747931285688,
    "rrmse": 0.4034497611397265
}