{
    "rmse": 0.0033313666385102626,
    "mae": 0.0023347643763392332,
    "max": 0.008096821685308463,
    "lp4": 1.825392558992553e-05,
    "rrmse": 0.5567327476727304
}