{
    "rmse": 0.0033313666385102617,
    "mae": 0.002334764376339233,
    "max": 0.00809682168530845,
    "lp4": 1.825392558992553e-05,
    "rrmse": 0.5567327476727302
}